ii_neighbor_num, gamma, lambda, Recall, NDCG
10,0.0001,0.0005,0.06535300515770538,0.05398050437396202
10,0.0001,0.0005,0.06861146935115121,0.056698746969805786
